20/03/03/001,student,Muhammad Wakil,Computer,9:00-12:00,4/11/2024,present
20/03/03/005,student,Immanuel Yohana,Mathematics,9:00-12:00,4/11/2024,present
20/03/03/019,student,Aisha Ahmad,Computer,9:00-12:00,4/11/2024,present
20/03/03/003,student,Abubakar Usman,Computer,9:00-12:00,4/11/2024,present
20/03/03/103,student,Ileja Adamu,Statistics,9:00-12:00,4/11/2024,present
20/03/03/111,student,John Iliyas,Statistics,9:00-12:00,4/11/2024,present
20/03/03/021,student,Alkali Muhammad,Computer,9:00-12:00,4/11/2024,present
20/03/03/115,student,Fatima Isa,Computer,9:00-12:00,4/11/2024,present
20/03/03/041,student,Adam Ibrahim,Computer,9:00-12:00,4/11/2024,present
20/03/03/089,student,Mariyam Hussain,Mathematics,9:00-12:00,4/11/2024,present
,,,,,,
,,,,,,
,,,,,,
,,,,,,
,,,,,,
Unknown,Unknown,Unknown,Unknown,15:27:44,7/11/2024,Present
